{
  "mean": [
    0.7755000090020746,
    0.18061444107982944
  ],
  "std": [
    1.5060198188160652,
    1.5298498644969984
  ],
  "count": 10
}